{"stats":{"minecraft:picked_up":{"minecraft:rotten_flesh":1,"minecraft:wheat_seeds":1,"minecraft:sand":2,"cataclysm:music_disc_ancient_remnant":1,"minecraft:netherite_hoe":1,"alexscaves:music_disc_fusion":2,"minecraft:egg":2},"minecraft:dropped":{"minecraft:wheat_seeds":1,"minecraft:netherite_hoe":1},"minecraft:used":{"minecraft:netherite_sword":1,"minecraft:sand":24,"cataclysm:music_disc_netherite_monstrosity":1,"alexscaves:music_disc_fusion":2,"cataclysm:music_disc_ancient_remnant":1,"minecraft:egg":533,"minecraft:jukebox":1},"minecraft:killed":{"minecraft:zombified_piglin":1},"minecraft:custom":{"minecraft:time_since_rest":26723,"minecraft:crouch_one_cm":2266,"minecraft:sprint_one_cm":68948,"minecraft:play_time":26723,"minecraft:walk_one_cm":34360,"minecraft:sneak_time":996,"minecraft:mob_kills":8,"minecraft:drop":2,"minecraft:jump":577,"minecraft:damage_dealt":298,"minecraft:leave_game":1,"minecraft:play_record":4,"minecraft:time_since_death":26723,"minecraft:total_world_time":26723,"minecraft:fall_one_cm":418,"minecraft:fly_one_cm":436367,"minecraft:player_kills":1,"minecraft:horse_one_cm":1721}},"DataVersion":3465}