{"stats":{"minecraft:mined":{"minecraft:grass":4,"minecraft:sand":15},"minecraft:killed":{"minecraft:pig":1},"minecraft:picked_up":{"minecraft:wheat_seeds":1,"minecraft:sand":14,"minecraft:netherite_hoe":1},"minecraft:killed_by":{"minecraft:player":1},"minecraft:custom":{"minecraft:time_since_rest":1922,"minecraft:crouch_one_cm":647,"minecraft:deaths":1,"minecraft:sprint_one_cm":14803,"minecraft:play_time":6399,"minecraft:damage_taken":269,"minecraft:walk_one_cm":19483,"minecraft:sneak_time":152,"minecraft:mob_kills":1,"minecraft:jump":51,"minecraft:damage_dealt":129,"minecraft:leave_game":2,"minecraft:time_since_death":1881,"minecraft:total_world_time":6399,"minecraft:fly_one_cm":9702,"minecraft:player_kills":1,"minecraft:horse_one_cm":4658},"minecraft:used":{"minecraft:wheat_seeds":1,"minecraft:trident":12,"minecraft:sand":13,"minecraft:netherite_hoe":13}},"DataVersion":3465}